{
  "timestamp": 1757519076.7552652,
  "ecg_data_samples": 10800,
  "ecg_duration_seconds": 30.0,
  "results": [
    {
      "configuration": "PyTorch Float32",
      "successful_runs": 20,
      "total_runs": 20,
      "success_rate": 100.0,
      "mean_latency_ms": 136.854088306427,
      "median_latency_ms": 130.95760345458984,
      "min_latency_ms": 111.30380630493164,
      "max_latency_ms": 164.9036407470703,
      "p95_latency_ms": 164.51270580291748,
      "p99_latency_ms": 164.82545375823975,
      "std_latency_ms": 15.942374852830502,
      "throughput_samples_per_sec": 78916.16636119745,
      "has_fuzzy": false,
      "model_type": "PyTorch"
    },
    {
      "configuration": "PyTorch Float32 + Fuzzy",
      "successful_runs": 20,
      "total_runs": 20,
      "success_rate": 100.0,
      "mean_latency_ms": 141.78316593170166,
      "median_latency_ms": 142.26841926574707,
      "min_latency_ms": 112.8697395324707,
      "max_latency_ms": 174.13926124572754,
      "p95_latency_ms": 161.10386848449707,
      "p99_latency_ms": 171.53218269348142,
      "std_latency_ms": 13.752471109148708,
      "throughput_samples_per_sec": 76172.65370701671,
      "has_fuzzy": true,
      "model_type": "PyTorch"
    },
    {
      "configuration": "ONNX Float32",
      "successful_runs": 20,
      "total_runs": 20,
      "success_rate": 100.0,
      "mean_latency_ms": 137.4477982521057,
      "median_latency_ms": 135.8093023300171,
      "min_latency_ms": 116.61195755004883,
      "max_latency_ms": 170.30692100524902,
      "p95_latency_ms": 160.79175472259521,
      "p99_latency_ms": 168.40388774871826,
      "std_latency_ms": 14.49966130352059,
      "throughput_samples_per_sec": 78575.28557998959,
      "has_fuzzy": false,
      "model_type": "ONNX"
    },
    {
      "configuration": "ONNX Float32 + Fuzzy",
      "successful_runs": 20,
      "total_runs": 20,
      "success_rate": 100.0,
      "mean_latency_ms": 146.51554822921753,
      "median_latency_ms": 147.42743968963623,
      "min_latency_ms": 113.21759223937988,
      "max_latency_ms": 174.09443855285645,
      "p95_latency_ms": 171.72164916992188,
      "p99_latency_ms": 173.61988067626953,
      "std_latency_ms": 18.728707787583147,
      "throughput_samples_per_sec": 73712.31333826664,
      "has_fuzzy": true,
      "model_type": "ONNX"
    }
  ]
}