{
  "prediction": "Arrhythmia",
  "prediction_index": 1,
  "probabilities": [
    0.30289854144549133,
    0.4351457744048485,
    0.11157328307314122,
    0.08175587979462602,
    0.06862652128189305
  ],
  "confidence": 0.4351457744048485,
  "feature_vector_size": [
    5,
    512
  ],
  "inference_time_ms": 4231.768369674683,
  "num_windows": 5
}